subID,parent
39942220,spong_107939
sa1e7f1,305172
safac00,104240
sac3f1b,9818
7844,66_parent
sadce99,305172
5098,QnJNBbzlg6O
d95a7aa633712f7ae2a838083ae3262a,329998
sa7014b,QnJNBbzlg6O
9771,a1MyYoqaBzM
sad6fc9,sad6fc9-OP347385
saf2d9b,GaBR2q82Djb
saf2d9b,GaBR2q82Djb
saf2d9b,MRv1K6QPv2R
saf2d9b,MRv1K6QPv2R
sa55081,WGM3K0xAOep
saddc94,godDP5q6nZQ
saddc94,godDP5q6nZQ
saddc94,vNbvM95p5Ow
saddc94,9ZEL0vJNkAB
saddc94,9ZEL0vJNkAB
saddc94,1w5OXXJVj2N
saddc94,godDP5q6nZQ
sa77cbb,sa77cbb-Envista
sa77cbb,sa77cbb-Envista
sa77cbb,sa77cbb-Envista
sa77cbb,sa77cbb-Envista
sa77cbb,sa77cbb-Envista
sa77cbb,sa77cbb-Envista
sa77cbb,sa77cbb-Envista
sa77cbb,sa77cbb-CalOptima
sa77cbb,sa77cbb-CalOptima
sa77cbb,sa77cbb-CalOptima
sadf150,sadf150-1
sadf150,sadf150-1
sa19b47,4548
sa72ef1,XBvDyPbZzYy
sa7a41b,vg32nAzlnVk
sa7a41b,vg32nAzlnVk
sa7a41b,vg32nAzlnVk
sa7a41b,vg32nAzlnVk
sa7a41b,vg32nAzlnVk
sa7a41b,vg32nAzlnVk
sa7a41b,vg32nAzlnVk
sa7a41b,vg32nAzlnVk
sa7a41b,vg32nAzlnVk
sa7a41b,vg32nAzlnVk
sa7a41b,vg32nAzlnVk
saddc94,9ZEL0vJNkAB
sa5e299,sa5e299-production
sa5e299,sa5e299-DVT
sa908a26,JMRjPje1QbK
sa908a26,JMRjPje1QbK
sa908a26,JMRjPje1QbK
sa507d3,sa507d3-Building Dept
sac9d56,sac9d56-The Heschel School
sac9d56,sac9d56-The Heschel School
sac9d56,sac9d56-The Heschel School
sac9d56,sac9d56-The Heschel School
sac9d56,sac9d56-The Heschel School
sac9d56,sac9d56-The Heschel School
sac9d56,sac9d56-The Heschel School
sac9d56,sac9d56-The Heschel School
sac9d56,sac9d56-The Heschel School
sac9d56,sac9d56-The Heschel School
sac9d56,sac9d56-The Heschel School
sac9d56,sac9d56-The Heschel School
sac9d56,sac9d56-The Heschel School
sa90cc06,Vwvn9OOe63y
sa72d4c,yJWNv73OvvY
sa1a98f,GEnkK2vM9ZK
sa1a98f,GEnkK2vM9ZK
sa1a98f,GEnkK2vM9ZK
sa4d547,sa4d547-General
sa908bd6,sa908bd6-Mens Ice Hockey 
sa90417e,XVJE2ErY0zZ
sa90417e,XVJE2ErY0zZ
sa72e3f,1ZyEOOGzKXX
sad6fc9,sad6fc9-OP348542
sa3fa92,x4JWr53qDD6
sa295d2,M2bBqx87DyQ
sa295d2,M2bBqx87DyQ
sa295d2,M2bBqx87DyQ
sa295d2,M2bBqx87DyQ
9261,YNBq0O3pq4G
6d6752f1f9735d6d736bcf1647be1d66,a369B3kb6J3
6d6752f1f9735d6d736bcf1647be1d66,zBqw7BK64Wx
6d6752f1f9735d6d736bcf1647be1d66,zBqw7BK64Wx
sa5e299,rpPJnXZxeZB
sac52ea,mzbkMy4N1Q1
sa908b79,DB34KV9bXKd
pQ42P66llmn,qeyMwX0PX55
sa1a98f,GEnkK2vM9ZK
sacd112,DAgjOaXYMDo
sacd112,ydB6DkXp15W
sacd112,ydB6Dz1p76q
sacd112,oBdgDP59ZjP
sa85a50,5YxezP8Lkwk
sac7551,179915
sa9014ef,404922
sa9014ef,404923
sa48dd1,196893
sa8e160,191226
sa8e160,191226
sa8e160,191231
sa8e160,191233
sa8e160,191233
sa8e160,191229
sa8e160,191229
sa8e160,191227
sa8e160,191227
sa8e160,191227
sa8e160,191227
sa8e160,191227
sa8e160,191231
sa8e160,191231
sa8e160,191231
sa8e160,191226
sa8e160,191226
sa8e160,191226
sa8e160,191228
sa8e160,191228
sa8e160,191228
sa8e160,191228
sa8e160,191231
saafd74,211983
sa31c8c,192763
sa48dd1,196891
sa48dd1,196891
sa8e160,191227
sa8e160,191227
sa8e160,191233
sa8e160,191233
sa8e160,191229
sa8e160,191229
sa8e160,191227
sa8e160,191227
sa8e160,191227
sa8e160,191227
sa8e160,191227
sa8e160,191231
sa8e160,191231
sa8e160,191232
sa8e160,191232
sa8e160,191226
sa8e160,191226
sa8e160,191226
sa8e160,191226
sa8e160,191226
sa8e160,191226
sa8e160,191233
sa8e160,191228
sa8e160,191226
saafd74,211982
sac021b,231798
sa48dd1,196892
sa48dd1,196892
sa8e160,191226
sa8e160,191226
sa8e160,191233
sa8e160,191231
sa8e160,191226
sa8e160,191226
sa8e160,191233
sa8e160,191233
sa8e160,191229
sa8e160,191227
sa8e160,191227
sa8e160,191227
sa8e160,191231
sa8e160,191231
sa8e160,191232
sa8e160,191232
sa8e160,191232
sa8e160,191226
sa8e160,191226
sa8e160,191226
sa8e160,191228
sa8e160,191228
sa8e160,191232
saafd74,211982
saafd74,211981
saafd74,211981
sabd184,211105
sa48dd1,196892
sa48dd1,196892
sa48dd1,196893
sa8e160,191226
sa8e160,191227
sa8e160,191226
sa8e160,191226
sa8e160,191233
sa8e160,191233
sa8e160,191229
sa8e160,191227
sa8e160,191227
sa8e160,191227
sa8e160,191231
sa8e160,191231
sa8e160,191232
sa8e160,191226
sa8e160,191226
sa8e160,191226
sa8e160,191226
sa8e160,191226
sa8e160,191226
sa8e160,191226
sa8e160,191227
sa8e160,191228
sa8e160,191226
sa8e160,191231
sa8e160,191233
sa8e160,191226
sa8e160,191232
saafd74,211983
saafd74,211982
saafd74,211982
sac021b,231798
sac021b,231798
sa4f6ac,192352
sa1a5b2,MG5QkkDKYXo
sa4c74c,sa4c74c-Blue Ash
sa109bd,317385
sa9094b0,r1Pr1Geq9ov
sa90d26a,Prpl5emegXO
sa2ff40,345255
sa999076,da2mjZeZBJw
sa999076,da2mjZeZBJw
sabd037,r4PmQd5Kvk3
sabd037,r4PmQd5Kvk3
sa416c9,203128
sa48fd2,192963
sa48fd2,192963
sa48fd2,192963
sa48fd2,192963
sa48fd2,192963
sa48fd2,192963
sa48fd2,192963
sa48fd2,192963
sa7a301,345355
sa7a301,345355
sa7a301,345355
sa7a301,345355
sa7a301,345355
saa50cc,215650
sa7a41b,D2oZp77QD0z
sa9053d2,sa9053d2-0097P
sa9053d2,sa9053d2-LMMISB
sa9053d2,sa9053d2-pm736127
sa9053d2,sa9053d2-300008
sa9053d2,sa9053d2-pm736126
sa9053d2,sa9053d2-pm736647
sa9053d2,sa9053d2-pm750257
sa9053d2,sa9053d2-pm743039
sa9053d2,sa9053d2-pm751814
sa9053d2,sa9053d2-pm752262
sa9053d2,sa9053d2-pm737782
sa9053d2,sa9053d2-pm742252
sa9053d2,sa9053d2-pm743906
sa9053d2,sa9053d2-pm745501
sa9053d2,sa9053d2-pm738104
sa9053d2,sa9053d2-pm743014
sa9053d2,sa9053d2-pm748174
sa9053d2,sa9053d2-pm748195
sa9053d2,sa9053d2-pm752194
sa9053d2,sa9053d2-PM745035
sa9053d2,sa9053d2-PM783959
sa9053d2,sa9053d2-pm776149
sa9053d2,sa9053d2-PM763402
sa9053d2,sa9053d2-pm821918
sa9053d2,sa9053d2-SB42311
sa9053d2,sa9053d2-SB42311
sa9053d2,sa9053d2-SB42311
sa9053d2,sa9053d2-SB42311
sa9053d2,sa9053d2-SB42311
sa9053d2,sa9053d2-SB42311
sa9053d2,sa9053d2-SB42311
sa9053d2,sa9053d2-SB42311
sa9053d2,sa9053d2-SB42311
sa9053d2,sa9053d2-SB42311
sa9053d2,sa9053d2-SB42311
sa9053d2,sa9053d2-SB42311
sa9053d2,sa9053d2-SB42311
sa9053d2,sa9053d2-SB42311
sa9053d2,sa9053d2-S70150
sa9053d2,sa9053d2-SB42311
sa9053d2,sa9053d2-SB42311
sa9053d2,sa9053d2-SB42311
sa9053d2,sa9053d2-SB42311
sa9053d2,sa9053d2-SB42311
sa19b47,QeNekZem5Aa
sa19b47,LlYlNxv2aZJ
sa19b47,LlYlNxv2aZJ
sa19b47,LlYlNxv2aZJ
sa28e0b,PBOBDAX4lzv
sa28e0b,PBOBDAX4lzv
sa1a98f,GEnkK2vM9ZK
sa90ecaf,7mAqx5wzDMJ
sa902c6b,JGdeay4Gvm5
sa999209,pL6eOBogV4j
sa1a98f,l7VXv8Vx8D3
sa8a917,sa8a917-027005
sa8a917,sa8a917-027005
sa8a917,sa8a917-027005
sa8a917,sa8a917-027005
sa8a917,sa8a917-027005
sa8a917,sa8a917-027005
sa8a917,sa8a917-280401
sa8a917,sa8a917-351000
sa8a917,sa8a917-207230
sa8a917,sa8a917-207210
sa8a917,sa8a917-353008
sa8a917,sa8a917-1312
sa8a917,sa8a917-1312
sa8a917,sa8a917-280301
sa8a917,sa8a917-280401
sa8a917,sa8a917-351000
sa8a917,sa8a917-284532
sa8a917,sa8a917-350030
sa8a917,sa8a917-207050
sa8a917,sa8a917-207240
sa8a917,sa8a917-207230
sa8a917,sa8a917-301620
sa8a917,sa8a917-607810
sa8a917,sa8a917-353023
sa8a917,sa8a917-353023
sa8a917,sa8a917-207420
sa8a917,sa8a917-282632
sa8a917,sa8a917-350430
sa8a917,sa8a917-659104
sa8a917,sa8a917-027005
sa8a917,sa8a917-1312
sa8a917,sa8a917-027005
sa8a917,sa8a917-280311
sa8a917,sa8a917-351000
sa8a917,sa8a917-282609
sa8a917,sa8a917-282613
sa8a917,sa8a917-207230
sa8a917,sa8a917-353004
sa8a917,sa8a917-353023
sa8a917,sa8a917-353023
sa8a917,sa8a917-353011
sa8a917,sa8a917-353010
sa8a917,sa8a917-350070
sa8a917,sa8a917-1312
sa8a917,sa8a917-280401
sa8a917,sa8a917-284532
sa8a917,sa8a917-659105
sa8a917,sa8a917-350410
sa8a917,sa8a917-351000
sa8a917,sa8a917-351000
sa8a917,sa8a917-352230
sa8a917,sa8a917-353005
sa8a917,sa8a917-280310
sa8a917,sa8a917-280310
sa8a917,sa8a917-280301
sa8a917,sa8a917-351000
sa8a917,sa8a917-351000
sa8a917,sa8a917-284518
sa8a917,sa8a917-320103
sa8a917,sa8a917-207210
sa8a917,sa8a917-353005
sa8a917,sa8a917-214200
sa8a917,sa8a917-659104
sa8a917,sa8a917-027005
sa8a917,sa8a917-351000
sa8a917,sa8a917-940500
sa8a917,sa8a917-607220
sa8a917,sa8a917-235850
sa8a917,sa8a917-940500
sa8a917,sa8a917-207050
sa8a917,sa8a917-207230
sa8a917,sa8a917-207210
sa8a917,sa8a917-207010
sa8a917,sa8a917-548001
sa8a917,sa8a917-280401
sa8a917,sa8a917-351000
sa8a917,sa8a917-351000
sa8a917,sa8a917-350440
sa8a917,sa8a917-210021
sa8a917,sa8a917-603011
sa8a917,sa8a917-505007
sa8a917,sa8a917-353005
sa8a917,sa8a917-280307
sa8a917,sa8a917-353007
sa8a917,sa8a917-351000
sa8a917,sa8a917-284515
sa8a917,sa8a917-350030
sa8a917,sa8a917-659105
sa8a917,sa8a917-940500
sa8a917,sa8a917-210021
sa8a917,sa8a917-207240
sa8a917,sa8a917-207240
sa8a917,sa8a917-353004
sa8a917,sa8a917-651300
sa8a917,sa8a917-280101
sa8a917,sa8a917-280401
sa8a917,sa8a917-351000
sa8a917,sa8a917-351000
sa8a917,sa8a917-351000
sa8a917,sa8a917-351000
sa8a917,sa8a917-320103
sa8a917,sa8a917-602870
sa8a917,sa8a917-207010
sa8a917,sa8a917-353006
sa8a917,sa8a917-353023
sa8a917,sa8a917-602860
sa8a917,sa8a917-280307
sa8a917,sa8a917-280310
sa8a917,sa8a917-280110
sa8a917,sa8a917-280301
sa8a917,sa8a917-280410
sa8a917,sa8a917-351000
sa8a917,sa8a917-350460
sa8a917,sa8a917-659105
sa8a917,sa8a917-207230
sa8a917,sa8a917-207250
sa8a917,sa8a917-508001
sa8a917,sa8a917-508000
sa8a917,sa8a917-605650
sa8a917,sa8a917-353023
sa8a917,sa8a917-353009
sa8a917,sa8a917-240061
sa8a917,sa8a917-353013
sa8a917,sa8a917-280311
sa8a917,sa8a917-351000
sa8a917,sa8a917-40011
sa8a917,sa8a917-351000
sa8a917,sa8a917-40003
sa8a917,sa8a917-659105
sa8a917,sa8a917-351200
sa8a917,sa8a917-282633
sa8a917,sa8a917-207240
sa8a917,sa8a917-210750
sa8a917,sa8a917-508002
sa8a917,sa8a917-280502
sa8a917,sa8a917-280101
sa8a917,sa8a917-280301
sa8a917,sa8a917-280301
sa8a917,sa8a917-353023
sa8a917,sa8a917-353023
sa8a917,sa8a917-350030
sa8a917,sa8a917-284883
sa8a917,sa8a917-659105
sa8a917,sa8a917-207050
sa8a917,sa8a917-207230
sa8a917,sa8a917-350001
sa8a917,sa8a917-280307
sa8a917,sa8a917-350520
sa8a917,sa8a917-350071
sa8a917,sa8a917-280101
sa8a917,sa8a917-280401
sa8a917,sa8a917-351000
sa8a917,sa8a917-284532
sa8a917,sa8a917-207050
sa8a917,sa8a917-207240
sa8a917,sa8a917-207210
sa8a917,sa8a917-607810
sa8a917,sa8a917-207140
sa8a917,sa8a917-214200
sa8a917,sa8a917-282632
sa8a917,sa8a917-00000
sa8a917,sa8a917-207240
sa8a917,sa8a917-207210
sa8a917,sa8a917-210760
sa8a917,sa8a917-353023
sa8a917,sa8a917-353023
sa8a917,sa8a917-353003
sa8a917,sa8a917-240061
sa8a917,sa8a917-280120
sa8a917,sa8a917-659104
sa8a917,sa8a917-659104
sa8a917,sa8a917-284581.00000
sa8a917,sa8a917-230063
sa8a917,sa8a917-230102
sa8a917,sa8a917-282620
sa8a917,sa8a917-602910
sa8a917,sa8a917-350550
sa8a917,sa8a917-508004
sa8a917,sa8a917-284884
sa8a917,sa8a917-518003
sa8a917,sa8a917-603120
sa8a917,sa8a917-350600
sa8a917,sa8a917-353012
sa8a917,sa8a917-240361
sa8a917,sa8a917-210670
sa8a917,sa8a917-508004
sa8a917,sa8a917-508007
sa8a917,sa8a917-508007
sa8a917,sa8a917-240361
sa8a917,sa8a917-210310
sa8a917,sa8a917-28307
sa8a917,sa8a917-508003
sa8a917,sa8a917-508005
sa8a917,sa8a917-207801
sa8a917,sa8a917-508008
sa8a917,sa8a917-400460
sa8a917,sa8a917-543023
sa8a917,sa8a917-131030
sa8a917,sa8a917-210310
sa8a917,sa8a917-505023
sa8a917,sa8a917-213110
sa8a917,sa8a917-207111
sa8a917,sa8a917-508004
sa8a917,sa8a917-207071
sa8a917,sa8a917-282620
sa8a917,sa8a917-508008
sa8a917,sa8a917-508005
sa8a917,sa8a917-140293
sa8a917,sa8a917-350470
sa8a917,sa8a917-207701
sa8a917,sa8a917-284504
sa8a917,sa8a917-211240
sa8a917,sa8a917-650050
sa8a917,sa8a917-508005
sa8a917,sa8a917-350480
sa8a917,sa8a917-659140
sa8a917,sa8a917-353001
sa8a917,sa8a917-320150
sab24cd,GqVp41p1w2K
sab24cd,GqVp41p1w2K
sab24cd,GqVp41p1w2K
sab24cd,GqVp41p1w2K
sab24cd,v7k5qJKxZao
sab24cd,lDjvpLrL9vZ
sab24cd,YOAygd5YJy6
sab24cd,GybRl6zYY19
sab24cd,GqVp41p1w2K
sab24cd,JzwPNvMdbJA
sab24cd,GqVp41p1w2K
sab24cd,6Pxoq1eodJB
sab24cd,GqVp41p1w2K
sab24cd,GqVp41p1w2K
sab24cd,GqVp41p1w2K
sab24cd,GqVp41p1w2K
sab24cd,GqVp41p1w2K
sab24cd,GqVp41p1w2K
sab24cd,GqVp41p1w2K
sab24cd,GqVp41p1w2K
sab24cd,GqVp41p1w2K
sab24cd,GqVp41p1w2K
sab24cd,GqVp41p1w2K
sab24cd,GqVp41p1w2K
sab24cd,GqVp41p1w2K
sab24cd,GqVp41p1w2K
sab24cd,GqVp41p1w2K
sab24cd,GqVp41p1w2K
sab24cd,GqVp41p1w2K
sab24cd,GqVp41p1w2K
sab24cd,GqVp41p1w2K
sab24cd,GqVp41p1w2K
sab24cd,GqVp41p1w2K
sab24cd,GqVp41p1w2K
sa4164f,201198
sab24cd,9QJP7WpJMQz
sab24cd,w4lbaj5l5qp
sab24cd,x4xdrmdoWjw
sab24cd,d0rElDv8Daj
sab24cd,QYd4Rm1noMK
sab24cd,K6147j5xRQO
sab24cd,ywoEQd3GaB9
sab24cd,GqVp41p1w2K
sab24cd,GqVp41p1w2K
sab24cd,GqVp41p1w2K
sab24cd,GqVp41p1w2K
sab24cd,GqVp41p1w2K
sab24cd,GqVp41p1w2K
sab24cd,GqVp41p1w2K
sab24cd,GqVp41p1w2K
sab24cd,GqVp41p1w2K
sab24cd,GqVp41p1w2K
sab24cd,GqVp41p1w2K
sab24cd,GqVp41p1w2K
sab24cd,GqVp41p1w2K
sab24cd,GqVp41p1w2K
sab24cd,GqVp41p1w2K
sab24cd,GqVp41p1w2K
sab24cd,GqVp41p1w2K
sab24cd,GqVp41p1w2K
sab24cd,GqVp41p1w2K
sab24cd,GqVp41p1w2K
sab24cd,GqVp41p1w2K
sab24cd,GqVp41p1w2K
sab24cd,GqVp41p1w2K
sab24cd,GqVp41p1w2K
sab24cd,GqVp41p1w2K
sab24cd,GqVp41p1w2K
sab24cd,GqVp41p1w2K
sab24cd,GqVp41p1w2K
sab24cd,GqVp41p1w2K
sab24cd,GqVp41p1w2K
sab24cd,GqVp41p1w2K
sab24cd,GqVp41p1w2K
sab24cd,GqVp41p1w2K
sab24cd,GqVp41p1w2K
sab24cd,GqVp41p1w2K
sab24cd,GqVp41p1w2K
sab24cd,GqVp41p1w2K
sab24cd,GqVp41p1w2K
sab24cd,GqVp41p1w2K
sab24cd,GqVp41p1w2K
sab24cd,GqVp41p1w2K
sab24cd,GqVp41p1w2K
sab24cd,GqVp41p1w2K
sab24cd,GqVp41p1w2K
sab24cd,GqVp41p1w2K
sab24cd,GqVp41p1w2K
sab24cd,GqVp41p1w2K
sab24cd,GqVp41p1w2K
sab24cd,GqVp41p1w2K
sab24cd,GqVp41p1w2K
sab24cd,GqVp41p1w2K
sab24cd,GqVp41p1w2K
sab24cd,GqVp41p1w2K
sab24cd,GqVp41p1w2K
sab24cd,GqVp41p1w2K
sab24cd,GqVp41p1w2K
sab24cd,GqVp41p1w2K
sab24cd,GqVp41p1w2K
sab24cd,GqVp41p1w2K
sab24cd,GqVp41p1w2K
sab24cd,GqVp41p1w2K
sab24cd,GqVp41p1w2K
sab24cd,GqVp41p1w2K
sab24cd,GqVp41p1w2K
sab24cd,GqVp41p1w2K
sab24cd,GqVp41p1w2K
sab24cd,GqVp41p1w2K
sab24cd,GqVp41p1w2K
sab24cd,GqVp41p1w2K
sab24cd,GqVp41p1w2K
sab24cd,GqVp41p1w2K
sab24cd,GqVp41p1w2K
sab24cd,GqVp41p1w2K
sab24cd,GqVp41p1w2K
sab24cd,GqVp41p1w2K
sab24cd,GqVp41p1w2K
sab24cd,GqVp41p1w2K
sab24cd,GqVp41p1w2K
sab24cd,GqVp41p1w2K
sab24cd,GqVp41p1w2K
sab24cd,GqVp41p1w2K
sab24cd,GqVp41p1w2K
sab24cd,GqVp41p1w2K
sab24cd,GqVp41p1w2K
sab24cd,GqVp41p1w2K
sab24cd,GqVp41p1w2K
sab24cd,GqVp41p1w2K
sab24cd,GqVp41p1w2K
sab24cd,GqVp41p1w2K
sab24cd,GqVp41p1w2K
sab24cd,GqVp41p1w2K
sab24cd,GqVp41p1w2K
sab24cd,GqVp41p1w2K
sab24cd,GqVp41p1w2K
sab24cd,GqVp41p1w2K
sab24cd,GqVp41p1w2K
sab24cd,GqVp41p1w2K
sab24cd,GqVp41p1w2K
sab24cd,GqVp41p1w2K
sab24cd,GqVp41p1w2K
sab24cd,GqVp41p1w2K
sab24cd,GqVp41p1w2K
sab24cd,GqVp41p1w2K
sab24cd,GqVp41p1w2K
sab24cd,GqVp41p1w2K
sab24cd,GqVp41p1w2K
sab24cd,GqVp41p1w2K
sab24cd,GqVp41p1w2K
sab24cd,GqVp41p1w2K
sab24cd,GqVp41p1w2K
sab24cd,GqVp41p1w2K
sab24cd,GqVp41p1w2K
sab24cd,GqVp41p1w2K
sab24cd,GqVp41p1w2K
sab24cd,GqVp41p1w2K
sab24cd,GqVp41p1w2K
sab24cd,GqVp41p1w2K
sab24cd,GqVp41p1w2K
sab24cd,GqVp41p1w2K
sab24cd,GqVp41p1w2K
sab24cd,GqVp41p1w2K
sab24cd,GqVp41p1w2K
sab24cd,GqVp41p1w2K
sab24cd,GqVp41p1w2K
sab24cd,GqVp41p1w2K
sab24cd,GqVp41p1w2K
sab24cd,GqVp41p1w2K
sab24cd,GqVp41p1w2K
sab24cd,GqVp41p1w2K
sab24cd,GqVp41p1w2K
sab24cd,GqVp41p1w2K
sab24cd,GqVp41p1w2K
sab24cd,GqVp41p1w2K
sab24cd,GqVp41p1w2K
sab24cd,GqVp41p1w2K
sab24cd,GqVp41p1w2K
sab24cd,GqVp41p1w2K
sab24cd,GqVp41p1w2K
sab24cd,GqVp41p1w2K
sab24cd,GqVp41p1w2K
sab24cd,GqVp41p1w2K
sab24cd,GqVp41p1w2K
sab24cd,GqVp41p1w2K
sab24cd,GqVp41p1w2K
sab24cd,GqVp41p1w2K
sab24cd,GqVp41p1w2K
sab24cd,GqVp41p1w2K
sab24cd,GqVp41p1w2K
sab24cd,GqVp41p1w2K
sab24cd,GqVp41p1w2K
sab24cd,GqVp41p1w2K
sab24cd,GqVp41p1w2K
sab24cd,GqVp41p1w2K
sab24cd,GqVp41p1w2K
sab24cd,GqVp41p1w2K
sab24cd,GqVp41p1w2K
sab24cd,GqVp41p1w2K
sab24cd,GqVp41p1w2K
sab24cd,GqVp41p1w2K
sab24cd,GqVp41p1w2K
sab24cd,GqVp41p1w2K
sab24cd,GqVp41p1w2K
sab24cd,GqVp41p1w2K
sab24cd,GqVp41p1w2K
sab24cd,GqVp41p1w2K
sab24cd,GqVp41p1w2K
sab24cd,GqVp41p1w2K
sab24cd,GqVp41p1w2K
sab24cd,GqVp41p1w2K
sab24cd,GqVp41p1w2K
sab24cd,GqVp41p1w2K
sab24cd,GqVp41p1w2K
sab24cd,GqVp41p1w2K
sab24cd,GqVp41p1w2K
sab24cd,GqVp41p1w2K
sab24cd,GqVp41p1w2K
sab24cd,GqVp41p1w2K
sab24cd,GqVp41p1w2K
sab24cd,GqVp41p1w2K
sab24cd,GqVp41p1w2K
sab24cd,GqVp41p1w2K
sab24cd,GqVp41p1w2K
sab24cd,GqVp41p1w2K
sab24cd,GqVp41p1w2K
sab24cd,GqVp41p1w2K
sab24cd,GqVp41p1w2K
sab24cd,GqVp41p1w2K
sab24cd,GqVp41p1w2K
sab24cd,GqVp41p1w2K
sab24cd,GqVp41p1w2K
sab24cd,GqVp41p1w2K
sab24cd,GqVp41p1w2K
sab24cd,GqVp41p1w2K
sab24cd,GqVp41p1w2K
sab24cd,GqVp41p1w2K
sab24cd,GqVp41p1w2K
sab24cd,GqVp41p1w2K
sab24cd,GqVp41p1w2K
sab24cd,GqVp41p1w2K
sab24cd,GqVp41p1w2K
sab24cd,GqVp41p1w2K
sab24cd,GqVp41p1w2K
sab24cd,GqVp41p1w2K
sab24cd,GqVp41p1w2K
sab24cd,GqVp41p1w2K
sab24cd,GqVp41p1w2K
sab24cd,GqVp41p1w2K
sab24cd,GqVp41p1w2K
sab24cd,GqVp41p1w2K
sab24cd,GqVp41p1w2K
sab24cd,GqVp41p1w2K
sab24cd,GqVp41p1w2K
sab24cd,GqVp41p1w2K
sab24cd,GqVp41p1w2K
sab24cd,GqVp41p1w2K
sab24cd,GqVp41p1w2K
sab24cd,GqVp41p1w2K
sab24cd,GqVp41p1w2K
sab24cd,GqVp41p1w2K
sab24cd,GqVp41p1w2K
sab24cd,GqVp41p1w2K
sab24cd,GqVp41p1w2K
sab24cd,GqVp41p1w2K
sab24cd,GqVp41p1w2K
sab24cd,GqVp41p1w2K
sab24cd,GqVp41p1w2K
sab24cd,GqVp41p1w2K
sab24cd,GqVp41p1w2K
sab24cd,GqVp41p1w2K
sab24cd,GqVp41p1w2K
sab24cd,GqVp41p1w2K
sab24cd,GqVp41p1w2K
sab24cd,GqVp41p1w2K
sab24cd,GqVp41p1w2K
sab24cd,GqVp41p1w2K
sab24cd,GqVp41p1w2K
sab24cd,GqVp41p1w2K
sab24cd,GqVp41p1w2K
sab24cd,GqVp41p1w2K
sab24cd,GqVp41p1w2K
sab24cd,GqVp41p1w2K
sab24cd,GqVp41p1w2K
sab24cd,GqVp41p1w2K
sab24cd,GqVp41p1w2K
sab24cd,GqVp41p1w2K
sab24cd,GqVp41p1w2K
sab24cd,GqVp41p1w2K
sab24cd,GqVp41p1w2K
sab24cd,GqVp41p1w2K
sab24cd,GqVp41p1w2K
sab24cd,GqVp41p1w2K
sab24cd,GqVp41p1w2K
sab24cd,GqVp41p1w2K
sab24cd,GqVp41p1w2K
sab24cd,GqVp41p1w2K
sab24cd,GqVp41p1w2K
sab24cd,GqVp41p1w2K
sab24cd,GqVp41p1w2K
sab24cd,GqVp41p1w2K
sab24cd,GqVp41p1w2K
sa993af7,maO0wd57l0a
sa993aa7,PKba9xKWbnW
sa993aa7,PKba9xKWbnW
sa993aa7,PKba9xKWbnW
sadd21c,5BlQNQ3v39O
sadd21c,6Pxkj0Md9ky
sadd21c,6Pxkj0Md9ky
sadd21c,6Pxkj0Md9ky
sadd21c,6Pxkj0Md9ky
sadd21c,6Pxkj0Md9ky
sadd21c,6Pxkj0Md9ky
sadd21c,6Pxkj0Md9ky
sadd21c,6Pxkj0Md9ky
sadd21c,6Pxkj0Md9ky
sadd21c,6Pxkj0Md9ky
sadd21c,6Pxkj0Md9ky
sadd21c,6Pxkj0Md9ky
sadd21c,6Pxkj0Md9ky
sadd21c,6Pxkj0Md9ky
sa561e2,w5lO7wLlYGd
sa561e2,w5lO7wLlYGd
sa561e2,bm9qMe5ZNAO
sa561e2,bm9qMe5ZNAO
sa2066b,sa2066b-St. Lukes
sa2066b,sa2066b-St. Lukes
sa2066b,sa2066b-Cardio PC (922/944)
sa2066b,sa2066b-Cardio PC (922/944)
sa2066b,sa2066b-eciac
sa2066b,sa2066b-eciac
sa2066b,sa2066b-unity admin
sa2066b,sa2066b-unity admin
sa2066b,sa2066b-905 Multi Specialty
sa2066b,sa2066b-905 Multi Specialty
sa2066b,sa2066b-Hospice
sa2066b,sa2066b-Hospice
sa2066b,sa2066b-Homecare
sa2066b,sa2066b-Homecare
sa2066b,sa2066b-HME
sa2066b,sa2066b-HME
sa2066b,sa2066b-Medication Assistance Program
sa2066b,sa2066b-Medication Assistance Program
sa2066b,sa2066b-920 Northridge 
sa2066b,sa2066b-920 Northridge 
sa2066b,sa2066b-9018 Westdale
sa2066b,sa2066b-9018 Westdale
sa2066b,sa2066b-928 Marion
sa2066b,sa2066b-928 Marion
sa2066b,sa2066b-919 Internal Med
sa2066b,sa2066b-919 Internal Med
sa2066b,sa2066b-Westdale  Peds
sa2066b,sa2066b-Westdale  Peds
sa2066b,sa2066b-9004 Hia Peds
sa2066b,sa2066b-9004 Hia Peds
sa2066b,sa2066b-919A urgent care
sa2066b,sa2066b-919A urgent care
sa2066b,sa2066b-966 Med District
sa2066b,sa2066b-966 Med District
sa2066b,sa2066b-943 Gastro
sa2066b,sa2066b-943 Gastro
sa2066b,sa2066b-Marion Urgent Care
sa2066b,sa2066b-Marion Urgent Care
sa2066b,sa2066b-972 Westside
sa2066b,sa2066b-972 Westside
sa2066b,sa2066b-Child Psych
sa2066b,sa2066b-Child Psych
sa2066b,sa2066b-Fetal Medicine
sa2066b,sa2066b-Fetal Medicine
sa2066b,sa2066b-871 Bowman Woods
sa2066b,sa2066b-871 Bowman Woods
sa2066b,sa2066b-Clarence
sa2066b,sa2066b-Clarence
sa2066b,sa2066b-Belle Plaine  Family
sa2066b,sa2066b-Belle Plaine  Family
sa2066b,sa2066b-Mt Vernon Family
sadd21c,mDO4ap2m1eb
sadd21c,mDO4ap2m1eb
sadd21c,7Ge6aQP14Od
sadd21c,7Ge6aQP14Od
sadd21c,7Ge6aQP14Od
sadd21c,7Ge6aQP14Od
sa8568c,385831
sa435dd,193422
sa435dd,193422
sa435dd,193422
sa435dd,193422
sa435dd,193095
sa435dd,193095
sa435dd,193095
sa435dd,193095
sa435dd,193095
sa435dd,193095
sa435dd,193095
sa435dd,193095
sa435dd,193095
sa5a5c7,162215
sa5a5c7,162214
sa5a5c7,162214
sa5a5c7,162215
sa6b89e,262345
sa79195,404433
sa79195,404433
sa79195,404433
sa79195,404433
sa79195,404433
sa79195,404436
sa79195,404433
sa79195,404433
sa79195,404433
sa79195,404433
sa79195,404433
sa79195,404433
sa79195,404435
sa79195,404430
sa79195,404434
sa79195,404433
sa79195,404433
sa79195,404433
sa79195,404433
sa79195,404435
sa79195,404435
sa79195,404437
sa79195,404433
sa79195,404433
sa79195,404433
sa79195,404433
sa79195,404433
sa79195,404433
sa79195,404433
sa79195,404433
sa79195,404433
sa79195,404433
sa79195,404433
sa79195,404433
sa79195,404433
sa79195,404433
sa79195,404433
sa79195,404433
sa79195,404433
sa79195,404435
sa79195,404433
sa79195,404431
sa79195,404430
sa79195,404433
sa79195,404433
sa79195,404433
sa79195,404433
sa79195,404433
sa79195,404433
sa79195,404433
sa79195,404433
sa79195,404432
sa79195,404433
sa79195,404433
sa79195,404433
sa79195,404433
sa79195,404433
sa79195,404433
sa79195,404433
sa79195,404433
sa79195,404435
sa79195,404433
sa79195,404433
sa79195,404433
sa79195,404432
sa79195,404433
sa79195,404433
sa90922a,392762
sa90922a,392762
sa90922a,392762
sa90922a,392762
sad13cd,323497
sad13cd,323496
sad13cd,323496
sad13cd,323496
sad13cd,323497
sad13cd,323497
sad13cd,323522
sad13cd,323522
sad13cd,323545
sad13cd,323545
sad13cd,323496
sad13cd,323496
sad13cd,323496
sad13cd,323496
sad13cd,323496
sad13cd,323496
sad13cd,323496
sad13cd,323496
sad13cd,323496
sad13cd,323496
sad13cd,323496
sad13cd,323496
sad13cd,323496
sad13cd,323496
sad13cd,323496
sad13cd,323497
sad13cd,323497
sad13cd,323497
sad13cd,323496
sad13cd,323496
sad13cd,323496
sad13cd,323497
sad13cd,323496
sad13cd,323496
sad13cd,323496
sad13cd,323496
sad13cd,323496
sad13cd,323496
sad13cd,323496
sad13cd,323496
sad13cd,323496
sad13cd,323496
sad13cd,323496
sad13cd,323496
sad13cd,323496
sad13cd,323496
sad13cd,323496
sad13cd,323496
sad13cd,323496
sad13cd,323496
sad13cd,323496
sad13cd,323496
sad13cd,323496
sad13cd,323496
sad13cd,323496
sad13cd,323496
sad13cd,323496
sa990198,omW5eAN6jDl
sa990198,omW5eA3bQ20
sa99bcfd,N1WydADBNOl
sa99f91a,sa99f91a-275
sa99f91a,sa99f91a-275
sa99f91a,sa99f91a-275
sa99f91a,sa99f91a-126
sa99f91a,sa99f91a-654
sa99f91a,sa99f91a-751
sa99f91a,sa99f91a-751
sa99f91a,sa99f91a-953
sa99f91a,sa99f91a-1003
sa99f91a,sa99f91a-1015
sa99f91a,sa99f91a-1034
sa99f91a,sa99f91a-1041
sa99f91a,sa99f91a-1048
sa99f91a,sa99f91a-1090
sa99f91a,sa99f91a-1104
sa99f91a,sa99f91a-416
sa99f91a,sa99f91a-936
sa99f91a,sa99f91a-946
sa99f91a,sa99f91a-956
sa99f91a,sa99f91a-983
sa99f91a,sa99f91a-1020
sa99f91a,sa99f91a-1034
sa99f91a,sa99f91a-1048
sa99f91a,sa99f91a-1054
sa99f91a,sa99f91a-1060
sa99f91a,sa99f91a-1065
sa99f91a,sa99f91a-1078
sa99f91a,sa99f91a-1083
sa99f91a,sa99f91a-1091
sa99f91a,sa99f91a-1104
sa99f91a,sa99f91a-1110
sa99f91a,sa99f91a-1114
sa99f91a,sa99f91a-40
sa99f91a,sa99f91a-275
sa99f91a,sa99f91a-275
sa99f91a,sa99f91a-275
sa99f91a,sa99f91a-732
sa99f91a,sa99f91a-741
sa99f91a,sa99f91a-894
sa99f91a,sa99f91a-959
sa99f91a,sa99f91a-996
sa99f91a,sa99f91a-1042
sa99f91a,sa99f91a-1071
sa99f91a,sa99f91a-1112
sa99f91a,sa99f91a-1128
sa99f91a,sa99f91a-981
sa99f91a,sa99f91a-1098
sa99f91a,sa99f91a-275
sa99f91a,sa99f91a-622
sa99f91a,sa99f91a-821
sa99f91a,sa99f91a-1021
sa99f91a,sa99f91a-1034
sa99f91a,sa99f91a-1062
sa99f91a,sa99f91a-1084
sa99f91a,sa99f91a-1100
sa99f91a,sa99f91a-1136
sa99f91a,sa99f91a-958
sa99f91a,sa99f91a-1098
sa99f91a,sa99f91a-Test
sa99f91a,sa99f91a-189
sa99f91a,sa99f91a-766
sa99f91a,sa99f91a-921
sa99f91a,sa99f91a-936
sa99f91a,sa99f91a-1008
sa99f91a,sa99f91a-1020
sa99f91a,sa99f91a-1125
sa99f91a,sa99f91a-1129
sa99f91a,sa99f91a-1152
sa99f91a,sa99f91a-622
sa99f91a,sa99f91a-697
sa99f91a,sa99f91a-755
sa99f91a,sa99f91a-816
sa99f91a,sa99f91a-918
sa99f91a,sa99f91a-936
sa99f91a,sa99f91a-936
sa99f91a,sa99f91a-936
sa99f91a,sa99f91a-973
sa99f91a,sa99f91a-994
sa99f91a,sa99f91a-1014
sa99f91a,sa99f91a-1018
sa99f91a,sa99f91a-1019
sa99f91a,sa99f91a-1092
sa99f91a,sa99f91a-1102
sa99f91a,sa99f91a-1104
sa99f91a,sa99f91a-1095
sa99f91a,sa99f91a-1138
sa99f91a,sa99f91a-40
sa99f91a,sa99f91a-752
sa99f91a,sa99f91a-936
sa99f91a,sa99f91a-936
sa99f91a,sa99f91a-1001
sa99f91a,sa99f91a-1018
sa99f91a,sa99f91a-1018
sa99f91a,sa99f91a-1020
sa99f91a,sa99f91a-1028
sa99f91a,sa99f91a-1080
sa99f91a,sa99f91a-1082
sa99f91a,sa99f91a-989
sa99f91a,sa99f91a-584
sa99f91a,sa99f91a-652
sa99f91a,sa99f91a-844
sa99f91a,sa99f91a-936
sa99f91a,sa99f91a-936
sa99f91a,sa99f91a-1012
sa99f91a,sa99f91a-1024
sa99f91a,sa99f91a-1034
sa99f91a,sa99f91a-1037
sa99f91a,sa99f91a-514
sa99f91a,sa99f91a-629
sa99f91a,sa99f91a-765
sa99f91a,sa99f91a-816
sa99f91a,sa99f91a-843
sa99f91a,sa99f91a-885
sa99f91a,sa99f91a-894
sa99f91a,sa99f91a-993
sa99f91a,sa99f91a-1006
sa99f91a,sa99f91a-1018
sa99f91a,sa99f91a-1032
sa99f91a,sa99f91a-1034
sa99f91a,sa99f91a-1045
sa99f91a,sa99f91a-1053
sa99f91a,sa99f91a-1061
sa99f91a,sa99f91a-1076
sa99f91a,sa99f91a-1002
sa99f91a,sa99f91a-719
sa99f91a,sa99f91a-893
sa99f91a,sa99f91a-943
sa99f91a,sa99f91a-995
sa99f91a,sa99f91a-1025
sa99f91a,sa99f91a-1052
sa99f91a,sa99f91a-1107
sa99f91a,sa99f91a-1108
sa99f91a,sa99f91a-1113
sa99f91a,sa99f91a-1098
sa99f91a,sa99f91a-1144
sa99f91a,sa99f91a-512
sa99f91a,sa99f91a-620
sa99f91a,sa99f91a-751
sa99f91a,sa99f91a-905
sa99f91a,sa99f91a-912
sa99f91a,sa99f91a-1000
sa99f91a,sa99f91a-1011
sa99f91a,sa99f91a-1018
sa99f91a,sa99f91a-1085
sa99f91a,sa99f91a-1105
sa99f91a,sa99f91a-1109
sa99f91a,sa99f91a-1119
sa99f91a,sa99f91a-1134
sa99f91a,sa99f91a-1035
sa99f91a,sa99f91a-1098
sa99f91a,sa99f91a-470
sa99f91a,sa99f91a-765
sa99f91a,sa99f91a-801
sa99f91a,sa99f91a-936
sa99f91a,sa99f91a-936
sa99f91a,sa99f91a-972
sa99f91a,sa99f91a-1018
sa99f91a,sa99f91a-1077
sa99f91a,sa99f91a-1115
sa99f91a,sa99f91a-969
sa99f91a,sa99f91a-1098
sa99f91a,sa99f91a-936
sa99f91a,sa99f91a-939
sa99f91a,sa99f91a-998
sa99f91a,sa99f91a-999
sa99f91a,sa99f91a-1019
sa99f91a,sa99f91a-1022
sa99f91a,sa99f91a-1034
sa99f91a,sa99f91a-1068
sa99f91a,sa99f91a-1076
sa99f91a,sa99f91a-1127
sa99f91a,sa99f91a-1058
sa99f91a,sa99f91a-1147
sa99f91a,sa99f91a-622
sa99f91a,sa99f91a-685
sa99f91a,sa99f91a-816
sa99f91a,sa99f91a-936
sa99f91a,sa99f91a-936
sa99f91a,sa99f91a-936
sa99f91a,sa99f91a-946
sa99f91a,sa99f91a-1016
sa99f91a,sa99f91a-1084
sa99f91a,sa99f91a-834
sa99f91a,sa99f91a-1141
sa99f91a,sa99f91a-1146
sa99f91a,sa99f91a-1152
sa99f91a,sa99f91a-936
sa99f91a,sa99f91a-982
sa99f91a,sa99f91a-1009
sa99f91a,sa99f91a-1022
sa99f91a,sa99f91a-1086
sa99f91a,sa99f91a-1101
sa99f91a,sa99f91a-890
sa99f91a,sa99f91a-1098
sa99f91a,sa99f91a-1140
sa99f91a,sa99f91a-1148
sa99f91a,sa99f91a-1152
sa99f91a,sa99f91a-816
sa99f91a,sa99f91a-832
sa99f91a,sa99f91a-836
sa99f91a,sa99f91a-936
sa99f91a,sa99f91a-936
sa99f91a,sa99f91a-936
sa99f91a,sa99f91a-978
sa99f91a,sa99f91a-1007
sa99f91a,sa99f91a-1040
sa99f91a,sa99f91a-1047
sa99f91a,sa99f91a-1063
sa99f91a,sa99f91a-1110
sa99f91a,sa99f91a-1132
sa99f91a,sa99f91a-1043
sa99f91a,sa99f91a-1099
sa998412,Rrpxokb0Z3P
sa998e0f,jp2Wn408pda
sac11b0,sac11b0-Dallas
sac11b0,sac11b0-Dallas
sac11b0,sac11b0-Houston
sac11b0,sac11b0-Fort Worth
sac11b0,sac11b0-Houston
sac11b0,sac11b0-Dallas
sac11b0,sac11b0-Midland
sac11b0,sac11b0-Dallas
sac11b0,sac11b0-Houston
sac11b0,sac11b0-Houston
sac11b0,sac11b0-Fort Worth
sac11b0,sac11b0-Fort Worth
sac11b0,sac11b0-Dallas
sac11b0,sac11b0-Fort Worth
sac11b0,sac11b0-Plano
sac11b0,sac11b0-zWP_DO NOT USE
sac11b0,sac11b0-Houston
sac11b0,sac11b0-Austin
sac11b0,sac11b0-Austin
sac11b0,sac11b0-Houston
sac11b0,sac11b0-Midland
sac11b0,sac11b0-Odessa
sac11b0,sac11b0-zWP
sac11b0,sac11b0-Hobbs
sac11b0,sac11b0-z_Firm
sac11b0,sac11b0-Hobbs
sac11b0,sac11b0-Plano
sac11b0,sac11b0-Austin
sac11b0,sac11b0-z_Firm
sac11b0,sac11b0-Dallas
sac11b0,sac11b0-Houston
sac11b0,sac11b0-Plano
sac11b0,sac11b0-Hobbs
sac11b0,sac11b0-Odessa
sac11b0,sac11b0-Austin
sac11b0,sac11b0-San Antonio
sac11b0,sac11b0-San Antonio
sac11b0,sac11b0-Fort Worth
sac11b0,sac11b0-Fort Worth
sac11b0,sac11b0-San Antonio
sac11b0,sac11b0-Plano
sa7ebdd,sa7ebdd-CC0327
sa7ebdd,sa7ebdd-CC0339
sa7ebdd,sa7ebdd-CC0327
sa7ebdd,sa7ebdd-CC0354
sa7ebdd,sa7ebdd-CC0094
sa7ebdd,sa7ebdd-CC0327
sa7ebdd,sa7ebdd-CC0354
sa7ebdd,sa7ebdd-CC0354
sa7ebdd,sa7ebdd-CC0354
sa7ebdd,sa7ebdd-CC0354
sa7ebdd,sa7ebdd-CC0354
sa7ebdd,sa7ebdd-CC0354
sa7ebdd,sa7ebdd-CC0354
sa7ebdd,sa7ebdd-CC0038
sa7ebdd,sa7ebdd-CC0354
sa7ebdd,sa7ebdd-CC0354
sa7ebdd,sa7ebdd-CC0327
sa7ebdd,sa7ebdd-CC0167
sa7ebdd,sa7ebdd-CC0107
sa7ebdd,sa7ebdd-CC0094
sa7ebdd,sa7ebdd-CC0174
sa7ebdd,sa7ebdd-CC0183
sa7ebdd,sa7ebdd-CC0039
sa7ebdd,sa7ebdd-CC0336
sa7ebdd,sa7ebdd-CC0354
sa7ebdd,sa7ebdd-CC0339
sa7ebdd,sa7ebdd-CC0107
sa7ebdd,sa7ebdd-CC0034
sa7ebdd,sa7ebdd-CC0107
sa7ebdd,sa7ebdd-CC0355
sa7ebdd,sa7ebdd-CC0039
sa7ebdd,sa7ebdd-CC0107
sa7ebdd,sa7ebdd-CC0107
sa7ebdd,sa7ebdd-CC0355
sa7ebdd,sa7ebdd-CC0183
sa7ebdd,sa7ebdd-CC0038
sa7ebdd,sa7ebdd-CC0167
sa7ebdd,sa7ebdd-CC0354
sa7ebdd,sa7ebdd-CC0355
sa7ebdd,sa7ebdd-CC0183
sa7ebdd,sa7ebdd-CC0354
sa7ebdd,sa7ebdd-CC0107
sa7ebdd,sa7ebdd-CC0174
sa7ebdd,sa7ebdd-CC0039
sa7ebdd,sa7ebdd-CC0270
sa7ebdd,sa7ebdd-CC0355
sa7ebdd,sa7ebdd-CC0107
sa7ebdd,sa7ebdd-CC0355
sa7ebdd,sa7ebdd-CC0136
sa7ebdd,sa7ebdd-CC0039
sa7ebdd,sa7ebdd-CC0009
sa7ebdd,sa7ebdd-CC0039
sa7ebdd,sa7ebdd-CC0039
sa7ebdd,sa7ebdd-CC0268
sa7ebdd,sa7ebdd-CC0107
sa7ebdd,sa7ebdd-CC0355
sa7ebdd,sa7ebdd-CC0355
sa7ebdd,sa7ebdd-CC0034
sa7ebdd,sa7ebdd-CC0038
sa7ebdd,sa7ebdd-CC0183
sa7ebdd,sa7ebdd-CC0183
sa7ebdd,sa7ebdd-CC0009
sa7ebdd,sa7ebdd-CC0039
sa7ebdd,sa7ebdd-CC0039
sa7ebdd,sa7ebdd-CC0354
sa7ebdd,sa7ebdd-CC0327
sa7ebdd,sa7ebdd-CC0339
sa7ebdd,sa7ebdd-CC0355
sa7ebdd,sa7ebdd-CC0039
sa7ebdd,sa7ebdd-CC0327
sa7ebdd,sa7ebdd-CC0339
sa7ebdd,sa7ebdd-CC0038
sa7ebdd,sa7ebdd-CC0174
sa7ebdd,sa7ebdd-CC0183
sa7ebdd,sa7ebdd-CC0039
sa7ebdd,sa7ebdd-CC0107
sa7ebdd,sa7ebdd-CC0107
sa7ebdd,sa7ebdd-CC0094
sa7ebdd,sa7ebdd-CC0107
sa7ebdd,sa7ebdd-CC0107
sa7ebdd,sa7ebdd-CC0355
sa7ebdd,sa7ebdd-CC0336
sadd213,401521
sa7a41b,PObA5kk1wYy
saf55f1,81871
sa550eb,Y9AvE77j60M
sa99cc99,aomvB4YYg5O
sa99cc99,aomvB4YYg5O
sa99cc99,aomvB4YYg5O
sa1c025,342838
sa1c025,342792
sa1c025,342792
sa1c025,342794
sa1c025,342794
sa1c025,342797
sa1c025,342792
sa1c025,342792
sa1c025,342794
sa1c025,342794
sa1c025,342792
sa1c025,342792
sa1c025,342792
sa1c025,342794
sa1c025,342794
sa1c025,342794
sa1c025,342794
sa1c025,342794
sa1c025,342794
sa1c025,342794
sa1c025,342794
sa1c025,342795
sa1c025,342792
sa1c025,342794
sa1c025,342794
sa1c025,342798
sa1c025,342796
sa1c025,342792
sa1c025,342792
sa1c025,342794
sa1c025,342794
sa1c025,342794
sa1c025,342794
sa1c025,342793
sa1c025,342792
sa1c025,342792
sa1c025,342794
sa1c025,342796
sa1c025,342792
sa1c025,342794
sa1c025,342794
sa1c025,342794
sa1c025,342794
sa1c025,342804
sa1c025,342832
sa1c025,342809
sa1c025,342800
sa1c025,342800
sa1c025,342800
sa1c025,342811
sa1c025,342812
sa1c025,342822
sa1c025,342801
sa1c025,342816
sa1c025,342816
sa1c025,342816
sa1c025,342816
sa1c025,342816
sa1c025,342817
sa1c025,342838
sa1c025,342839
sa1c025,342833
sa1c025,342809
sa1c025,342815
sa1c025,342801
sa1c025,342816
sa1c025,342816
sa1c025,342816
sa1c025,342816
sa1c025,342838
sa1c025,342839
sa1c025,342839
sa1c025,342832
sa1c025,342836
sa1c025,342805
sa1c025,342809
sa1c025,342810
sa1c025,342800
sa1c025,342800
sa1c025,342806
sa1c025,342816
sa1c025,342813
sa1c025,342838
sa1c025,342838
sa1c025,342839
sa1c025,342839
sa1c025,342804
sa1c025,342826
sa1c025,342809
sa1c025,342809
sa1c025,342809
sa1c025,342810
sa1c025,342800
sa1c025,342800
sa1c025,342800
sa1c025,342800
sa1c025,342800
sa1c025,342834
sa1c025,342815
sa1c025,342802
sa1c025,342816
sa1c025,342816
sa1c025,342828
sa1c025,342828
sa1c025,342838
sa1c025,342823
sa1c025,342825
sa1c025,342825
sa1c025,342836
sa1c025,342826
sa1c025,342809
sa1c025,342800
sa1c025,342821
sa1c025,342816
sa1c025,342816
sa1c025,342818
sa1c025,342838
sa1c025,342799
sa1c025,342808
sa1c025,342809
sa1c025,342800
sa1c025,342800
sa1c025,342800
sa1c025,342834
sa1c025,342806
sa1c025,342806
sa1c025,342816
sa1c025,342816
sa1c025,342816
sa1c025,342837
sa1c025,342807
sa1c025,342829
sa1c025,342839
sa1c025,342832
sa1c025,342800
sa1c025,342800
sa1c025,342821
sa1c025,342834
sa1c025,342815
sa1c025,342816
sa1c025,342816
sa1c025,342816
sa1c025,342838
sa1c025,342839
sa1c025,342804
sa1c025,342820
sa1c025,342800
sa1c025,342827
sa1c025,342815
sa1c025,342815
sa1c025,342806
sa1c025,342801
sa1c025,342801
sa1c025,342802
sa1c025,342816
sa1c025,342828
